{"stats":{"minecraft:picked_up":{"minecraft:crafting_table":1,"minecraft:orange_dye":52,"minecraft:purple_dye":58,"minecraft:yellow_dye":62,"minecraft:gray_dye":64,"minecraft:orange_banner":16,"minecraft:magenta_dye":64,"minecraft:white_dye":56,"minecraft:light_gray_dye":64,"minecraft:light_blue_shulker_box":52,"minecraft:grass_block":1,"minecraft:loom":1,"minecraft:brown_dye":64,"minecraft:elytra":2,"minecraft:white_banner":1,"minecraft:black_dye":50,"minecraft:yellow_banner":1,"minecraft:globe_banner_pattern":1,"minecraft:lime_dye":64,"minecraft:light_blue_banner":15,"minecraft:pink_banner":1,"minecraft:light_blue_dye":55,"minecraft:blue_dye":51,"minecraft:red_dye":61,"minecraft:glowstone":1,"minecraft:flower_banner_pattern":2,"minecraft:black_banner":16,"minecraft:cyan_dye":63,"minecraft:blue_banner":14,"minecraft:pink_dye":64,"minecraft:blaze_powder":1,"minecraft:green_dye":64},"minecraft:custom":{"minecraft:time_since_rest":16784,"minecraft:sprint_one_cm":879,"minecraft:walk_one_cm":11833,"minecraft:fly_one_cm":438822,"minecraft:crouch_one_cm":108,"minecraft:open_shulker_box":1,"minecraft:play_time":16784,"minecraft:sneak_time":785,"minecraft:jump":23,"minecraft:interact_with_brewingstand":1,"minecraft:leave_game":2,"minecraft:walk_on_water_one_cm":95,"minecraft:time_since_death":16784,"minecraft:total_world_time":19564},"minecraft:used":{"minecraft:oak_log":4,"minecraft:orange_dye":2,"minecraft:light_blue_shulker_box":1,"minecraft:command_block":8,"minecraft:iron_block":87,"minecraft:grass_block":3,"minecraft:barrier":11,"minecraft:redstone":6,"minecraft:stone_button":1,"minecraft:oak_sign":2,"minecraft:glow_ink_sac":2,"minecraft:oak_leaves":85,"minecraft:glowstone":13,"minecraft:repeater":13,"minecraft:brewing_stand":1,"minecraft:lime_stained_glass":7,"minecraft:dark_oak_fence":9,"minecraft:chain_command_block":1,"minecraft:cobweb":5}},"DataVersion":2730}