{"stats":{"minecraft:custom":{"minecraft:interact_with_anvil":7,"minecraft:interact_with_crafting_table":13,"minecraft:interact_with_loom":48,"minecraft:open_shulker_box":21,"minecraft:leave_game":8,"minecraft:time_since_death":73784,"minecraft:climb_one_cm":7846,"minecraft:time_since_rest":73807,"minecraft:sprint_one_cm":39062,"minecraft:damage_taken":386,"minecraft:walk_one_cm":139195,"minecraft:drop":14,"minecraft:fly_one_cm":411356,"minecraft:open_chest":12,"minecraft:crouch_one_cm":6224,"minecraft:play_time":151886,"minecraft:deaths":1,"minecraft:sneak_time":3638,"minecraft:walk_under_water_one_cm":63,"minecraft:boat_one_cm":35575,"minecraft:interact_with_brewingstand":13,"minecraft:aviate_one_cm":211848,"minecraft:jump":413,"minecraft:walk_on_water_one_cm":26210,"minecraft:enchant_item":6,"minecraft:total_world_time":167011,"minecraft:fall_one_cm":6649},"minecraft:crafted":{"minecraft:sugar":3,"minecraft:oak_planks":96,"minecraft:diamond_sword":3,"minecraft:leather_boots":3,"minecraft:blaze_powder":4,"minecraft:flower_banner_pattern":1,"minecraft:oak_boat":18,"minecraft:diamond_helmet":1,"minecraft:stick":12,"minecraft:diamond_chestplate":1,"minecraft:firework_rocket":30},"minecraft:mined":{"minecraft:light_blue_shulker_box":2,"minecraft:dark_oak_fence":1},"minecraft:picked_up":{"minecraft:purple_dye":64,"minecraft:yellow_dye":64,"minecraft:orange_banner":2,"minecraft:light_gray_dye":64,"minecraft:oak_sign":1,"minecraft:red_dye":125,"minecraft:oak_boat":58,"minecraft:green_dye":64,"minecraft:gray_dye":64,"minecraft:light_blue_shulker_box":4,"minecraft:brown_dye":64,"minecraft:black_dye":64,"minecraft:lime_dye":64,"minecraft:blue_dye":64,"minecraft:cyan_dye":64,"minecraft:dark_oak_fence":1,"minecraft:pink_dye":64},"minecraft:dropped":{"minecraft:brown_dye":64,"minecraft:black_dye":64,"minecraft:pink_dye":64,"minecraft:cyan_dye":64,"minecraft:lime_dye":64,"minecraft:purple_dye":64,"minecraft:elytra":1,"minecraft:blue_dye":64,"minecraft:yellow_dye":64,"minecraft:green_dye":64,"minecraft:light_gray_dye":64,"minecraft:red_dye":125,"minecraft:gray_dye":64},"minecraft:used":{"minecraft:light_blue_banner":6,"minecraft:yellow_banner":3,"minecraft:light_blue_shulker_box":13,"minecraft:enchanting_table":1,"minecraft:snow_block":3,"minecraft:oak_sign":2,"minecraft:pink_banner":2,"minecraft:chest":4,"minecraft:glow_ink_sac":2,"minecraft:leather_boots":1,"minecraft:waxed_copper_block":1,"minecraft:green_terracotta":21,"minecraft:lime_terracotta":36,"minecraft:anvil":2,"minecraft:crafting_table":2,"minecraft:loom":3,"minecraft:black_banner":6,"minecraft:green_concrete":33,"minecraft:diamond_pickaxe":2,"minecraft:firework_rocket":30,"minecraft:iron_block":107,"minecraft:grass_block":3,"minecraft:slime_block":27,"minecraft:barrier":7,"minecraft:blue_banner":9,"minecraft:glowstone":80,"minecraft:lime_concrete":82,"minecraft:potion":4,"minecraft:tall_grass":1,"minecraft:orange_banner":37,"minecraft:lime_stained_glass":173,"minecraft:white_banner":2,"minecraft:dark_oak_fence":4,"minecraft:oak_boat":71,"minecraft:cobweb":16}},"DataVersion":2730}