{"stats":{"minecraft:picked_up":{"minecraft:heavy_weighted_pressure_plate":56,"minecraft:dirt":16,"minecraft:lantern":1,"minecraft:armor_stand":3,"minecraft:stone_bricks":1,"minecraft:redstone_torch":1,"minecraft:player_head":15,"minecraft:piston":1,"minecraft:redstone":4,"minecraft:quartz_block":3,"minecraft:command_block":1,"minecraft:oak_button":1,"minecraft:mutton":1,"minecraft:white_wool":1},"minecraft:dropped":{"minecraft:stone_bricks":1,"minecraft:redstone":1,"minecraft:armor_stand":2},"minecraft:used":{"minecraft:end_rod":23,"minecraft:writable_book":1,"minecraft:snow_block":387,"minecraft:armor_stand":76,"minecraft:redstone":143,"minecraft:oak_sign":45,"minecraft:white_concrete_powder":91,"minecraft:chest":13,"minecraft:redstone_block":55,"minecraft:beacon":1,"minecraft:quartz_stairs":162,"minecraft:player_head":23,"minecraft:gold_ore":2,"minecraft:white_wool":426,"minecraft:dirt":6,"minecraft:sand":125,"minecraft:anvil":12,"minecraft:white_carpet":6,"minecraft:tnt":125,"minecraft:crafting_table":8,"minecraft:light_blue_wool":2,"minecraft:birch_sign":1,"minecraft:crossbow":1,"minecraft:orange_wool":16,"minecraft:black_concrete_powder":8,"minecraft:obsidian":8,"minecraft:redstone_torch":4,"minecraft:piston":31,"minecraft:cyan_terracotta":476,"minecraft:sea_lantern":79,"minecraft:black_concrete":225,"minecraft:black_wool":244,"minecraft:lantern":6,"minecraft:command_block":141,"minecraft:quartz_slab":63,"minecraft:heavy_weighted_pressure_plate":197,"minecraft:iron_block":9,"minecraft:grass_block":10,"minecraft:oak_button":9,"minecraft:stone_button":3,"minecraft:quartz_block":1493,"minecraft:iron_door":4,"minecraft:yellow_wool":1,"minecraft:stone_brick_stairs":1,"minecraft:stone_bricks":2520,"minecraft:item_frame":1,"minecraft:repeater":102,"minecraft:redstone_lamp":3,"minecraft:bow":2,"minecraft:snow":3,"minecraft:potion":4,"minecraft:magenta_wool":1,"minecraft:end_crystal":9,"minecraft:written_book":1,"minecraft:dark_oak_fence":8,"minecraft:white_stained_glass":16,"minecraft:glass_pane":97,"minecraft:gold_block":7,"minecraft:stone_pressure_plate":17,"minecraft:white_concrete":177},"minecraft:custom":{"minecraft:interact_with_anvil":45,"minecraft:interact_with_crafting_table":22,"minecraft:play_one_minute":718372,"minecraft:leave_game":2,"minecraft:time_since_death":165973,"minecraft:time_since_rest":165998,"minecraft:sprint_one_cm":327989,"minecraft:damage_taken":200,"minecraft:walk_one_cm":1156579,"minecraft:drop":4,"minecraft:damage_dealt":17,"minecraft:interact_with_beacon":1,"minecraft:fly_one_cm":1529664,"minecraft:open_chest":67,"minecraft:crouch_one_cm":47027,"minecraft:deaths":18,"minecraft:sneak_time":20393,"minecraft:jump":2554,"minecraft:fall_one_cm":3065},"minecraft:crafted":{"minecraft:leather_leggings":18,"minecraft:leather_boots":19,"minecraft:blue_dye":1,"minecraft:leather_chestplate":20}},"DataVersion":2230}