{"stats":{"minecraft:mined":{"minecraft:stone":15},"minecraft:dropped":{"minecraft:yellow_concrete":1,"minecraft:ender_eye":1},"minecraft:picked_up":{"minecraft:chicken":1,"minecraft:lead":1,"minecraft:blue_concrete":4,"minecraft:heavy_weighted_pressure_plate":1,"minecraft:string":4,"minecraft:armor_stand":1,"minecraft:pufferfish":4,"minecraft:oak_sign":6,"minecraft:comparator":2,"minecraft:beef":5,"minecraft:redstone_torch":7,"minecraft:ender_eye":1,"minecraft:egg":2,"minecraft:oak_door":2,"minecraft:torch":11,"minecraft:stone_button":64,"minecraft:music_disc_11":1,"minecraft:redstone":21,"minecraft:stone_pressure_plate":2,"minecraft:orange_bed":1,"minecraft:arrow":3032,"minecraft:rotten_flesh":21,"minecraft:music_disc_ward":120,"minecraft:cobblestone":14,"minecraft:repeater":21,"minecraft:leather":3,"minecraft:iron_ingot":1,"minecraft:music_disc_13":1,"minecraft:gravel":1,"minecraft:orange_wool":1,"minecraft:dragon_egg":1,"minecraft:mossy_cobblestone":8,"minecraft:firework_rocket":64,"minecraft:black_concrete":5,"minecraft:lever":2,"minecraft:bone_meal":1,"minecraft:white_concrete":1,"minecraft:oak_button":2},"minecraft:custom":{"minecraft:interact_with_anvil":4,"minecraft:mob_kills":4,"minecraft:open_barrel":15,"minecraft:leave_game":40,"minecraft:time_since_death":152250,"minecraft:climb_one_cm":5625,"minecraft:sprint_one_cm":845073,"minecraft:walk_one_cm":1126093,"minecraft:drop":2,"minecraft:play_noteblock":20,"minecraft:deaths":130,"minecraft:sneak_time":32193,"minecraft:walk_under_water_one_cm":14058,"minecraft:jump":5356,"minecraft:interact_with_brewingstand":4,"minecraft:walk_on_water_one_cm":7058,"minecraft:play_record":117,"minecraft:tune_noteblock":406,"minecraft:play_one_minute":1685024,"minecraft:interact_with_loom":1,"minecraft:time_since_rest":152317,"minecraft:damage_taken":4565,"minecraft:trigger_trapped_chest":75,"minecraft:damage_dealt":998,"minecraft:swim_one_cm":4301,"minecraft:fly_one_cm":8985725,"minecraft:player_kills":4,"minecraft:open_chest":94,"minecraft:crouch_one_cm":14438,"minecraft:fall_one_cm":37016,"minecraft:inspect_dispenser":9},"minecraft:used":{"minecraft:nether_brick_fence":1,"minecraft:writable_book":2,"minecraft:carved_pumpkin":1,"minecraft:armor_stand":5,"minecraft:dispenser":1,"minecraft:redstone":598,"minecraft:ladder":56,"minecraft:oak_sign":170,"minecraft:light_blue_terracotta":4,"minecraft:white_concrete_powder":27,"minecraft:chest":20,"minecraft:spruce_planks":8,"minecraft:white_terracotta":6,"minecraft:stone":318,"minecraft:quartz_stairs":24,"minecraft:grass":3,"minecraft:mossy_stone_brick_slab":1,"minecraft:debug_stick":10,"minecraft:torch":35,"minecraft:dirt":165,"minecraft:anvil":5,"minecraft:white_carpet":4,"minecraft:orange_wool":1,"minecraft:music_disc_11":1,"minecraft:spruce_fence":3,"minecraft:blue_concrete":5,"minecraft:obsidian":144,"minecraft:stone_brick_slab":1,"minecraft:sea_lantern":46,"minecraft:cyan_terracotta":133,"minecraft:lava_bucket":95,"minecraft:quartz_pillar":1,"minecraft:quartz_slab":15,"minecraft:iron_block":44,"minecraft:grass_block":170,"minecraft:oak_stairs":1,"minecraft:slime_block":1,"minecraft:spruce_button":2,"minecraft:music_disc_ward":116,"minecraft:quartz_block":1912,"minecraft:mossy_cobblestone_slab":3,"minecraft:smooth_quartz":10,"minecraft:barrel":13,"minecraft:stone_bricks":36,"minecraft:item_frame":37,"minecraft:bedrock":27,"minecraft:bow":54,"minecraft:repeater":492,"minecraft:redstone_lamp":55,"minecraft:magma_block":7,"minecraft:snow":7,"minecraft:iron_trapdoor":24,"minecraft:tall_grass":1,"minecraft:written_book":9,"minecraft:oak_sapling":3,"minecraft:gold_block":47,"minecraft:trapped_chest":3,"minecraft:stone_pressure_plate":46,"minecraft:observer":5,"minecraft:mossy_stone_bricks":24,"minecraft:water_bucket":13,"minecraft:end_rod":76,"minecraft:cobblestone_stairs":8,"minecraft:tube_coral_block":11,"minecraft:snow_block":114,"minecraft:stone_pickaxe":15,"minecraft:oak_planks":58,"minecraft:blue_wool":11,"minecraft:orange_tulip":1,"minecraft:redstone_block":12,"minecraft:diamond_axe":1,"minecraft:clay":1,"minecraft:cobblestone_slab":6,"minecraft:oak_leaves":5,"minecraft:white_wool":22,"minecraft:mossy_cobblestone":792,"minecraft:sand":4,"minecraft:comparator":56,"minecraft:vine":24,"minecraft:light_blue_concrete":270,"minecraft:tnt":2,"minecraft:light_blue_wool":191,"minecraft:yellow_concrete":276,"minecraft:campfire":1,"minecraft:note_block":35,"minecraft:painting":20,"minecraft:end_stone":4,"minecraft:spruce_log":3,"minecraft:redstone_torch":74,"minecraft:oak_log":2,"minecraft:sticky_piston":1,"minecraft:black_terracotta":4,"minecraft:piston":1,"minecraft:lever":109,"minecraft:black_concrete":22,"minecraft:black_wool":139,"minecraft:command_block":231,"minecraft:barrier":106,"minecraft:oak_button":4,"minecraft:string":6,"minecraft:stone_button":109,"minecraft:magenta_concrete":3,"minecraft:spruce_trapdoor":1,"minecraft:oak_pressure_plate":1,"minecraft:iron_door":21,"minecraft:yellow_wool":6,"minecraft:diamond_sword":22,"minecraft:cobblestone":77,"minecraft:potion":2,"minecraft:dark_oak_fence":3,"minecraft:glass_pane":27,"minecraft:chain_command_block":139,"minecraft:white_stained_glass":25,"minecraft:lapis_block":3,"minecraft:bucket":2,"minecraft:grass_path":11,"minecraft:repeating_command_block":59,"minecraft:white_concrete":8,"minecraft:bone_meal":4,"minecraft:splash_potion":21,"minecraft:cobweb":1},"minecraft:killed":{"minecraft:chicken":2,"minecraft:cow":2},"minecraft:killed_by":{"minecraft:player":3}},"DataVersion":2230}