{"stats":{"minecraft:mined":{"minecraft:white_bed":2,"minecraft:oak_planks":41,"minecraft:wall_torch":1,"minecraft:dirt":8,"minecraft:redstone_wire":1,"minecraft:stone":5,"minecraft:honey_block":1,"minecraft:cobweb":11},"minecraft:dropped":{"minecraft:cooked_beef":1,"minecraft:ender_pearl":16,"minecraft:glass_bottle":1,"minecraft:leather":7,"minecraft:mossy_stone_brick_stairs":1,"minecraft:dirt":2,"minecraft:stone_button":4,"minecraft:black_concrete":1,"minecraft:bone":64,"minecraft:armor_stand":2,"minecraft:stone_axe":2,"minecraft:heavy_weighted_pressure_plate":1,"minecraft:arrow":1,"minecraft:splash_potion":2,"minecraft:egg":4,"minecraft:firework_rocket":372,"minecraft:diamond_leggings":1,"minecraft:lead":2,"minecraft:spectral_arrow":16,"minecraft:repeater":1,"minecraft:diamond_helmet":1,"minecraft:iron_leggings":1,"minecraft:iron_axe":1,"minecraft:chainmail_leggings":1,"minecraft:snow_block":1,"minecraft:anvil":1,"minecraft:redstone_ore":1,"minecraft:player_head":1,"minecraft:ender_chest":1,"minecraft:chicken":6,"minecraft:iron_boots":1,"minecraft:orange_wool":1,"minecraft:totem_of_undying":1,"minecraft:oak_sign":1,"minecraft:diamond_sword":1,"minecraft:hay_block":1,"minecraft:shield":2,"minecraft:diamond_chestplate":1,"minecraft:iron_chestplate":1,"minecraft:diamond_boots":1},"minecraft:broken":{"minecraft:iron_boots":1,"minecraft:iron_leggings":1,"minecraft:shield":1,"minecraft:iron_axe":1,"minecraft:iron_helmet":1},"minecraft:picked_up":{"minecraft:ender_chest":1,"minecraft:diamond_sword":2,"minecraft:lead":7,"minecraft:music_disc_cat":2,"minecraft:string":40,"minecraft:armor_stand":4,"minecraft:pufferfish":11,"minecraft:oak_sign":11,"minecraft:redstone_torch":3,"minecraft:iron_pickaxe":1,"minecraft:tipped_arrow":1,"minecraft:porkchop":3,"minecraft:music_disc_ward":13,"minecraft:cod":2,"minecraft:cobblestone":5,"minecraft:repeater":2,"minecraft:dirt":8,"minecraft:lantern":2,"minecraft:name_tag":1,"minecraft:bone":1,"minecraft:bamboo":1,"minecraft:oak_planks":41,"minecraft:mossy_stone_brick_stairs":1,"minecraft:music_disc_13":10,"minecraft:spectral_arrow":7,"minecraft:orange_wool":1,"minecraft:black_concrete":1,"minecraft:lever":4,"minecraft:bone_meal":1,"minecraft:splash_potion":1,"minecraft:chicken":6,"minecraft:ladder":9,"minecraft:turtle_helmet":3,"minecraft:acacia_button":1,"minecraft:shield":2,"minecraft:heavy_weighted_pressure_plate":3,"minecraft:iron_axe":1,"minecraft:item_frame":6,"minecraft:iron_shovel":1,"minecraft:beef":10,"minecraft:player_head":65,"minecraft:poppy":1,"minecraft:egg":8,"minecraft:oak_door":4,"minecraft:music_disc_mellohi":1,"minecraft:stone_button":5,"minecraft:music_disc_11":1,"minecraft:redstone":37,"minecraft:arrow":600,"minecraft:shears":1,"minecraft:hay_block":1,"minecraft:totem_of_undying":1,"minecraft:mutton":2,"minecraft:white_wool":1,"minecraft:tripwire_hook":2,"minecraft:leather":8,"minecraft:iron_ingot":7,"minecraft:iron_sword":2,"minecraft:dandelion":1,"minecraft:spider_eye":6,"minecraft:firework_rocket":113,"minecraft:music_disc_mall":3,"minecraft:stone_axe":1,"minecraft:honey_block":2,"minecraft:chainmail_leggings":1,"minecraft:redstone_ore":1,"minecraft:painting":2},"minecraft:custom":{"minecraft:interact_with_crafting_table":9,"minecraft:open_barrel":9,"minecraft:bell_ring":38,"minecraft:leave_game":47,"minecraft:time_since_death":108795,"minecraft:sprint_one_cm":1566566,"minecraft:damage_blocked_by_shield":18984,"minecraft:drop":68,"minecraft:deaths":459,"minecraft:jump":11742,"minecraft:walk_on_water_one_cm":28272,"minecraft:interact_with_furnace":1,"minecraft:play_record":36,"minecraft:play_one_minute":2117886,"minecraft:open_enderchest":4,"minecraft:damage_dealt":48546,"minecraft:player_kills":37,"minecraft:crouch_one_cm":209481,"minecraft:horse_one_cm":253430,"minecraft:inspect_dispenser":35,"minecraft:interact_with_anvil":19,"minecraft:mob_kills":115,"minecraft:climb_one_cm":12049,"minecraft:walk_one_cm":1744060,"minecraft:damage_dealt_absorbed":735,"minecraft:sneak_time":96998,"minecraft:walk_under_water_one_cm":31739,"minecraft:boat_one_cm":5602,"minecraft:tune_noteblock":1,"minecraft:time_since_rest":108834,"minecraft:damage_taken":61273,"minecraft:damage_absorbed":480,"minecraft:trigger_trapped_chest":75,"minecraft:swim_one_cm":16620,"minecraft:fly_one_cm":14835740,"minecraft:open_chest":66,"minecraft:fish_caught":1,"minecraft:fall_one_cm":345363},"minecraft:used":{"minecraft:nether_brick_fence":16,"minecraft:light_blue_stained_glass_pane":9,"minecraft:blue_terracotta":93,"minecraft:writable_book":4,"minecraft:spruce_slab":2,"minecraft:dispenser":29,"minecraft:ladder":58,"minecraft:oak_sign":88,"minecraft:chest":11,"minecraft:stone":2341,"minecraft:iron_sword":265,"minecraft:zombie_spawn_egg":18,"minecraft:quartz_stairs":151,"minecraft:grass":11,"minecraft:player_head":8,"minecraft:mossy_stone_brick_slab":2,"minecraft:soul_sand":4,"minecraft:skeleton_spawn_egg":2,"minecraft:stray_spawn_egg":1,"minecraft:jungle_planks":7,"minecraft:orange_wool":70,"minecraft:music_disc_11":1,"minecraft:music_disc_13":12,"minecraft:milk_bucket":20,"minecraft:red_sandstone_stairs":1,"minecraft:glass":61,"minecraft:honey_block":210,"minecraft:cyan_terracotta":8,"minecraft:lava_bucket":144,"minecraft:coal_ore":143,"minecraft:quartz_pillar":1,"minecraft:red_wool":7,"minecraft:quartz_slab":423,"minecraft:black_stained_glass_pane":4,"minecraft:lantern":2,"minecraft:grass_block":448,"minecraft:music_disc_ward":18,"minecraft:quartz_block":886,"minecraft:wet_sponge":1,"minecraft:light_blue_bed":5,"minecraft:hopper_minecart":2,"minecraft:stone_brick_stairs":2,"minecraft:stone_bricks":14,"minecraft:item_frame":26,"minecraft:bedrock":163,"minecraft:birch_trapdoor":4,"minecraft:repeater":216,"minecraft:magma_block":59,"minecraft:bow":703,"minecraft:brown_carpet":4,"minecraft:snow":5,"minecraft:hay_block":36,"minecraft:sweet_berries":4,"minecraft:guardian_spawn_egg":2,"minecraft:furnace":4,"minecraft:gold_block":34,"minecraft:egg":255,"minecraft:seagrass":6,"minecraft:emerald_ore":1,"minecraft:mossy_stone_bricks":182,"minecraft:diorite":116,"minecraft:end_rod":3,"minecraft:cow_spawn_egg":5,"minecraft:wither_skeleton_skull":4,"minecraft:red_stained_glass":33,"minecraft:birch_leaves":2,"minecraft:stone_pickaxe":5,"minecraft:oak_planks":348,"minecraft:mossy_stone_brick_stairs":21,"minecraft:redstone_block":66,"minecraft:diamond_axe":242,"minecraft:clay":9,"minecraft:oak_leaves":67,"minecraft:white_wool":202,"minecraft:light_blue_concrete":185,"minecraft:light_blue_wool":80,"minecraft:crossbow":128,"minecraft:yellow_concrete":44,"minecraft:acacia_leaves":2,"minecraft:cave_spider_spawn_egg":1,"minecraft:sponge":1,"minecraft:note_block":2,"minecraft:black_concrete_powder":1,"minecraft:redstone_torch":107,"minecraft:sticky_piston":23,"minecraft:lever":23,"minecraft:black_concrete":1378,"minecraft:firework_rocket":2,"minecraft:daylight_detector":2,"minecraft:gray_stained_glass_pane":5,"minecraft:music_disc_mall":2,"minecraft:heavy_weighted_pressure_plate":2,"minecraft:string":48,"minecraft:barrier":371,"minecraft:stone_button":25,"minecraft:oak_pressure_plate":1,"minecraft:diamond_ore":12,"minecraft:iron_door":87,"minecraft:gravel":57,"minecraft:evoker_spawn_egg":1,"minecraft:diamond_sword":714,"minecraft:wooden_sword":8,"minecraft:light_blue_concrete_powder":1,"minecraft:dark_oak_fence":4,"minecraft:white_stained_glass":15,"minecraft:andesite":123,"minecraft:mossy_cobblestone_wall":16,"minecraft:smooth_stone_slab":4,"minecraft:oak_boat":2,"minecraft:white_concrete":1,"minecraft:tropical_fish_bucket":7,"minecraft:cobweb":159,"minecraft:gray_stained_glass":17,"minecraft:oak_trapdoor":4,"minecraft:oak_fence":37,"minecraft:petrified_oak_slab":17,"minecraft:trident":226,"minecraft:iron_bars":21,"minecraft:stone_sword":397,"minecraft:orange_concrete":75,"minecraft:red_concrete":2,"minecraft:redstone_ore":73,"minecraft:armor_stand":17,"minecraft:stone_shovel":8,"minecraft:redstone":253,"minecraft:spruce_planks":16,"minecraft:ender_chest":2,"minecraft:oak_door":7,"minecraft:dirt":309,"minecraft:anvil":12,"minecraft:spruce_stairs":3,"minecraft:cod_bucket":2,"minecraft:granite":121,"minecraft:spruce_fence":9,"minecraft:blue_concrete":15,"minecraft:light_blue_stained_glass":4,"minecraft:mossy_cobblestone_stairs":17,"minecraft:music_disc_mellohi":1,"minecraft:stone_brick_slab":12,"minecraft:wooden_axe":1,"minecraft:sea_lantern":16,"minecraft:bookshelf":1,"minecraft:iron_axe":293,"minecraft:iron_block":56,"minecraft:light_weighted_pressure_plate":2,"minecraft:oak_stairs":136,"minecraft:slime_block":20,"minecraft:spawner":1,"minecraft:chicken_spawn_egg":15,"minecraft:totem_of_undying":8,"minecraft:blaze_spawn_egg":8,"minecraft:bamboo":3,"minecraft:tripwire_hook":13,"minecraft:lime_concrete":8,"minecraft:emerald_block":44,"minecraft:iron_trapdoor":54,"minecraft:wolf_spawn_egg":1,"minecraft:lime_stained_glass":24,"minecraft:trapped_chest":3,"minecraft:stone_pressure_plate":11,"minecraft:turtle_egg":74,"minecraft:water_bucket":65,"minecraft:iron_ore":128,"minecraft:cobblestone_stairs":10,"minecraft:snow_block":3,"minecraft:glass_bottle":1,"minecraft:lead":2,"minecraft:beacon":1,"minecraft:cobblestone_slab":29,"minecraft:horse_spawn_egg":13,"minecraft:gold_ore":36,"minecraft:cracked_stone_bricks":29,"minecraft:pink_concrete":73,"minecraft:mossy_cobblestone":797,"minecraft:rail":6,"minecraft:comparator":16,"minecraft:music_disc_cat":2,"minecraft:oak_slab":32,"minecraft:crafting_table":6,"minecraft:campfire":21,"minecraft:white_bed":6,"minecraft:painting":10,"minecraft:oak_log":47,"minecraft:piston":2,"minecraft:dark_prismarine":61,"minecraft:ender_eye":36,"minecraft:black_wool":284,"minecraft:ghast_spawn_egg":1,"minecraft:diamond_shovel":1,"minecraft:command_block":125,"minecraft:magenta_concrete":13,"minecraft:stone_axe":75,"minecraft:fishing_rod":277,"minecraft:cobblestone":97,"minecraft:potion":12,"minecraft:end_crystal":20,"minecraft:cooked_porkchop":11,"minecraft:chain_command_block":22,"minecraft:bucket":40,"minecraft:grass_path":17,"minecraft:glass_pane":7,"minecraft:repeating_command_block":16,"minecraft:end_portal_frame":36,"minecraft:sea_pickle":7,"minecraft:kelp":2,"minecraft:dandelion":2,"minecraft:jukebox":22,"minecraft:splash_potion":1764,"minecraft:pillager_spawn_egg":6,"minecraft:green_stained_glass":4},"minecraft:crafted":{"minecraft:leather_chestplate":1,"minecraft:leather_leggings":1,"minecraft:leather_boots":1,"minecraft:firework_star":2,"minecraft:firework_rocket":198},"minecraft:killed":{"minecraft:cave_spider":19,"minecraft:pufferfish":1,"minecraft:skeleton":3,"minecraft:chicken":12,"minecraft:wolf":1,"minecraft:pig":3,"minecraft:zombie_villager":22,"minecraft:iron_golem":1,"minecraft:ender_dragon":1,"minecraft:sheep":1,"minecraft:donkey":2,"minecraft:zombie":17,"minecraft:stray":1,"minecraft:blaze":2,"minecraft:cow":7,"minecraft:horse":13},"minecraft:killed_by":{"minecraft:pufferfish":2,"minecraft:blaze":1,"minecraft:player":11,"minecraft:stray":9}},"DataVersion":2230}