{"stats":{"minecraft:custom":{"minecraft:time_since_rest":54278,"minecraft:open_chest":4,"minecraft:crouch_one_cm":733,"minecraft:play_one_minute":54278,"minecraft:sprint_one_cm":19398,"minecraft:walk_one_cm":43262,"minecraft:trigger_trapped_chest":11,"minecraft:sneak_time":1583,"minecraft:jump":88,"minecraft:interact_with_grindstone":1,"minecraft:leave_game":12,"minecraft:time_since_death":54278,"minecraft:climb_one_cm":49,"minecraft:fall_one_cm":480,"minecraft:fly_one_cm":640997},"minecraft:used":{"minecraft:item_frame":8,"minecraft:bedrock":3,"minecraft:debug_stick":6,"minecraft:lever":1,"minecraft:writable_book":4,"minecraft:mossy_cobblestone":3,"minecraft:repeater":17,"minecraft:dirt":1,"minecraft:light_blue_concrete":3,"minecraft:written_book":6,"minecraft:command_block":11,"minecraft:quartz_slab":2,"minecraft:grindstone":1,"minecraft:grass_block":15,"minecraft:redstone":24,"minecraft:yellow_concrete":10,"minecraft:chain_command_block":9,"minecraft:stone_button":37,"minecraft:quartz_block":28}},"DataVersion":2230}