{"stats":{"minecraft:mined":{"minecraft:player_head":1,"minecraft:tripwire":1,"minecraft:honey_block":2,"minecraft:oak_planks":37},"minecraft:dropped":{"minecraft:iron_sword":1,"minecraft:gray_stained_glass_pane":2,"minecraft:mossy_cobblestone":1,"minecraft:diamond_leggings":3,"minecraft:crossbow":1,"minecraft:iron_helmet":1,"minecraft:lead":1,"minecraft:rail":2,"minecraft:pufferfish":2,"minecraft:blue_dye":1,"minecraft:diamond_helmet":2,"minecraft:potion":4,"minecraft:iron_leggings":1,"minecraft:writable_book":1,"minecraft:bone_meal":3,"minecraft:red_dye":1,"minecraft:armor_stand":1,"minecraft:iron_boots":1,"minecraft:diamond_sword":1,"minecraft:tipped_arrow":4,"minecraft:shield":1,"minecraft:diamond_chestplate":3,"minecraft:iron_chestplate":1,"minecraft:glowstone":1,"minecraft:redstone_torch":1,"minecraft:diamond_boots":3,"minecraft:powered_rail":2,"minecraft:brown_stained_glass":1,"minecraft:splash_potion":1},"minecraft:broken":{"minecraft:diamond_chestplate":1,"minecraft:diamond_helmet":3,"minecraft:diamond_leggings":1,"minecraft:diamond_boots":1},"minecraft:picked_up":{"minecraft:iron_chestplate":1,"minecraft:splash_potion":1,"minecraft:chicken":2,"minecraft:turtle_helmet":2,"minecraft:lead":6,"minecraft:potion":2,"minecraft:blue_concrete":8,"minecraft:shield":2,"minecraft:string":29,"minecraft:iron_axe":1,"minecraft:iron_leggings":1,"minecraft:armor_stand":16,"minecraft:pufferfish":2,"minecraft:diamond_leggings":3,"minecraft:beef":10,"minecraft:red_dye":1,"minecraft:oak_boat":2,"minecraft:redstone_torch":5,"minecraft:iron_boots":1,"minecraft:tipped_arrow":1,"minecraft:stone_button":1,"minecraft:diorite":14,"minecraft:redstone":15,"minecraft:gray_stained_glass_pane":2,"minecraft:cactus":6,"minecraft:diamond_chestplate":3,"minecraft:diamond_boots":3,"minecraft:blue_dye":1,"minecraft:glowstone":1,"minecraft:totem_of_undying":1,"minecraft:rail":3,"minecraft:cobblestone":109,"minecraft:leather_chestplate":1,"minecraft:feather":2,"minecraft:andesite":17,"minecraft:leather":7,"minecraft:flint":1,"minecraft:lily_pad":1,"minecraft:lapis_lazuli":64,"minecraft:dirt":8,"minecraft:wheat_seeds":1,"minecraft:iron_ore":7,"minecraft:diamond_helmet":2,"minecraft:glass_bottle":1,"minecraft:powered_rail":2,"minecraft:oak_planks":37,"minecraft:brown_stained_glass":1,"minecraft:gravel":15,"minecraft:gold_ore":1,"minecraft:leather_helmet":2,"minecraft:green_carpet":2,"minecraft:spectral_arrow":8,"minecraft:spider_eye":5,"minecraft:mossy_cobblestone":11,"minecraft:stone_axe":1,"minecraft:honey_block":1,"minecraft:lever":3,"minecraft:writable_book":2,"minecraft:chainmail_leggings":1,"minecraft:crossbow":1,"minecraft:iron_helmet":1,"minecraft:granite":2,"minecraft:birch_sign":1,"minecraft:bone_meal":67,"minecraft:coal":7},"minecraft:custom":{"minecraft:mob_kills":16,"minecraft:interact_with_crafting_table":4,"minecraft:open_barrel":1,"minecraft:fill_cauldron":1,"minecraft:open_shulker_box":1,"minecraft:leave_game":21,"minecraft:time_since_death":27918,"minecraft:climb_one_cm":3030,"minecraft:sprint_one_cm":1285077,"minecraft:walk_one_cm":1129288,"minecraft:damage_blocked_by_shield":4928,"minecraft:drop":48,"minecraft:deaths":142,"minecraft:sneak_time":14770,"minecraft:walk_under_water_one_cm":6380,"minecraft:boat_one_cm":12701,"minecraft:jump":5678,"minecraft:interact_with_brewingstand":8,"minecraft:walk_on_water_one_cm":11847,"minecraft:interact_with_furnace":1,"minecraft:play_one_minute":731514,"minecraft:interact_with_loom":15,"minecraft:sleep_in_bed":1,"minecraft:time_since_rest":28011,"minecraft:damage_taken":285248,"minecraft:damage_absorbed":560,"minecraft:trigger_trapped_chest":27,"minecraft:damage_dealt":20202,"minecraft:swim_one_cm":4496,"minecraft:fly_one_cm":2849724,"minecraft:player_kills":5,"minecraft:open_chest":45,"minecraft:crouch_one_cm":42290,"minecraft:fall_one_cm":352755},"minecraft:used":{"minecraft:oak_fence":14,"minecraft:petrified_oak_slab":9,"minecraft:nether_brick_fence":36,"minecraft:orange_concrete_powder":1,"minecraft:writable_book":12,"minecraft:red_sand":1,"minecraft:orange_concrete":279,"minecraft:flint_and_steel":3,"minecraft:redstone_ore":5,"minecraft:armor_stand":9,"minecraft:redstone":30,"minecraft:ladder":2,"minecraft:oak_sign":10,"minecraft:chest":10,"minecraft:white_terracotta":52,"minecraft:stone":460,"minecraft:green_terracotta":6,"minecraft:grass":2,"minecraft:player_head":4,"minecraft:mossy_stone_brick_slab":3,"minecraft:debug_stick":1,"minecraft:oak_door":2,"minecraft:orange_bed":1,"minecraft:torch":10,"minecraft:birch_pressure_plate":1,"minecraft:brewing_stand":7,"minecraft:dirt":99,"minecraft:stray_spawn_egg":3,"minecraft:skeleton_spawn_egg":1,"minecraft:hopper":2,"minecraft:orange_wool":2,"minecraft:granite":72,"minecraft:blue_concrete":1,"minecraft:milk_bucket":5,"minecraft:mossy_cobblestone_stairs":19,"minecraft:stone_brick_slab":1,"minecraft:honey_block":1,"minecraft:lava_bucket":3,"minecraft:coal_ore":2,"minecraft:light_gray_stained_glass":1,"minecraft:yellow_stained_glass":10,"minecraft:light_weighted_pressure_plate":1,"minecraft:iron_axe":14,"minecraft:grass_block":9,"minecraft:iron_block":35,"minecraft:oak_stairs":9,"minecraft:quartz_block":5,"minecraft:dark_oak_slab":8,"minecraft:mossy_cobblestone_slab":7,"minecraft:stone_bricks":23,"minecraft:item_frame":1,"minecraft:bedrock":1,"minecraft:purple_concrete":39,"minecraft:glowstone":24,"minecraft:redstone_lamp":11,"minecraft:bow":191,"minecraft:snow":4,"minecraft:written_book":3,"minecraft:furnace":1,"minecraft:gold_block":4,"minecraft:trapped_chest":5,"minecraft:cyan_banner":13,"minecraft:skeleton_skull":3,"minecraft:stone_pressure_plate":1,"minecraft:orange_terracotta":4,"minecraft:water_bucket":50,"minecraft:mossy_stone_bricks":21,"minecraft:diorite":132,"minecraft:end_rod":10,"minecraft:cow_spawn_egg":6,"minecraft:iron_ore":30,"minecraft:tube_coral_block":1,"minecraft:wither_skeleton_skull":5,"minecraft:snow_block":1,"minecraft:lead":2,"minecraft:dark_oak_sign":1,"minecraft:oak_planks":200,"minecraft:blue_wool":1,"minecraft:ender_pearl":44,"minecraft:mossy_stone_brick_stairs":24,"minecraft:redstone_block":7,"minecraft:cauldron":1,"minecraft:clay":6,"minecraft:diamond_axe":325,"minecraft:cobblestone_slab":12,"minecraft:gold_ore":10,"minecraft:cracked_stone_bricks":25,"minecraft:white_wool":5,"minecraft:golden_apple":15,"minecraft:dark_oak_trapdoor":1,"minecraft:mossy_cobblestone":55,"minecraft:orange_carpet":33,"minecraft:rail":2,"minecraft:tnt":5,"minecraft:vine":6,"minecraft:light_blue_concrete":10,"minecraft:oak_slab":10,"minecraft:crafting_table":4,"minecraft:loom":4,"minecraft:birch_sign":1,"minecraft:yellow_concrete":18,"minecraft:crossbow":107,"minecraft:campfire":1,"minecraft:chiseled_quartz_block":1,"minecraft:redstone_torch":47,"minecraft:oak_log":14,"minecraft:piston":15,"minecraft:flower_pot":1,"minecraft:green_concrete":19,"minecraft:lever":12,"minecraft:dark_prismarine":6,"minecraft:ender_eye":1,"minecraft:black_wool":15,"minecraft:black_concrete":338,"minecraft:gray_stained_glass_pane":28,"minecraft:command_block":7,"minecraft:zombie_head":3,"minecraft:heavy_weighted_pressure_plate":1,"minecraft:brown_stained_glass":2,"minecraft:string":1,"minecraft:barrier":10,"minecraft:stone_button":1,"minecraft:lapis_ore":10,"minecraft:diamond_ore":5,"minecraft:oak_pressure_plate":3,"minecraft:gravel":201,"minecraft:yellow_wool":72,"minecraft:green_carpet":2,"minecraft:jungle_sign":4,"minecraft:diamond_sword":183,"minecraft:fishing_rod":58,"minecraft:cobblestone":10,"minecraft:potion":6,"minecraft:andesite":76,"minecraft:white_banner":13,"minecraft:bucket":12,"minecraft:dark_oak_fence":3,"minecraft:white_stained_glass":1,"minecraft:lapis_block":1,"minecraft:end_portal_frame":1,"minecraft:chest_minecart":1,"minecraft:oak_boat":9,"minecraft:coarse_dirt":4,"minecraft:splash_potion":110,"minecraft:cobweb":84,"minecraft:gray_stained_glass":8,"minecraft:green_stained_glass":24},"minecraft:crafted":{"minecraft:leather_helmet":1,"minecraft:shield":1},"minecraft:killed":{"minecraft:cave_spider":13},"minecraft:killed_by":{"minecraft:player":25,"minecraft:stray":2,"minecraft:pillager":3,"minecraft:pufferfish":1}},"DataVersion":2230}