{"stats":{"minecraft:dropped":{"minecraft:black_dye":192,"minecraft:vine":2,"minecraft:orange_dye":122,"minecraft:lapis_lazuli":128,"minecraft:mossy_cobblestone":1,"minecraft:loom":64,"minecraft:cyan_dye":64,"minecraft:mossy_stone_brick_stairs":64,"minecraft:red_wool":1,"minecraft:command_block":1,"minecraft:purple_dye":64,"minecraft:grass_block":1,"minecraft:leather_helmet":3,"minecraft:redstone_lamp":1,"minecraft:blue_dye":128,"minecraft:yellow_dye":64,"minecraft:green_dye":64,"minecraft:repeater":2,"minecraft:light_blue_wool":1,"minecraft:iron_door":2,"minecraft:potion":2,"minecraft:bone_meal":129,"minecraft:red_dye":64,"minecraft:mossy_cobblestone_stairs":64,"minecraft:black_concrete":64,"minecraft:dark_oak_planks":1,"minecraft:gray_dye":104,"minecraft:redstone_block":64,"minecraft:bone":1,"minecraft:anvil":65,"minecraft:brown_dye":128,"minecraft:lever":64,"minecraft:player_head":65,"minecraft:pink_dye":55,"minecraft:black_terracotta":64,"minecraft:light_gray_wool":1,"minecraft:lime_dye":64,"minecraft:mossy_stone_brick_slab":1,"minecraft:light_gray_concrete":1,"minecraft:oak_sign":3,"minecraft:flint_and_steel":1,"minecraft:diamond_sword":1,"minecraft:light_blue_dye":128,"minecraft:leather_chestplate":4,"minecraft:cobblestone_slab":64,"minecraft:quartz_block":1,"minecraft:leather_boots":2,"minecraft:leather_leggings":4,"minecraft:stone_bricks":1,"minecraft:light_gray_dye":1,"minecraft:white_dye":64,"minecraft:magenta_dye":64,"minecraft:stone_brick_stairs":1,"minecraft:splash_potion":1,"minecraft:black_wool":64},"minecraft:picked_up":{"minecraft:cocoa_beans":1,"minecraft:splash_potion":1,"minecraft:chicken":2,"minecraft:redstone_lamp":1,"minecraft:anvil":64,"minecraft:leather_leggings":1,"minecraft:potion":2,"minecraft:stone_brick_stairs":1,"minecraft:item_frame":2,"minecraft:glass_pane":1,"minecraft:oak_sign":6,"minecraft:diamond_leggings":1,"minecraft:cobblestone_slab":64,"minecraft:player_head":23,"minecraft:spruce_slab":1,"minecraft:golden_helmet":1,"minecraft:orange_dye":64,"minecraft:snow_block":1,"minecraft:white_dye":64,"minecraft:vine":3,"minecraft:redstone":3,"minecraft:brown_dye":64,"minecraft:golden_chestplate":2,"minecraft:black_dye":66,"minecraft:stone_pressure_plate":64,"minecraft:jungle_sign":2,"minecraft:dark_oak_planks":1,"minecraft:quartz_block":1,"minecraft:light_blue_wool":1,"minecraft:diamond_boots":1,"minecraft:blue_dye":64,"minecraft:cobblestone":1,"minecraft:barrier":1,"minecraft:mossy_cobblestone_slab":1,"minecraft:leather_chestplate":1,"minecraft:repeater":1,"minecraft:iron_door":3,"minecraft:yellow_dye":64,"minecraft:magenta_dye":64,"minecraft:light_gray_dye":1,"minecraft:cobblestone_stairs":64,"minecraft:wither_skeleton_skull":3,"minecraft:lapis_lazuli":64,"minecraft:lantern":5,"minecraft:leather_boots":1,"minecraft:light_blue_dye":64,"minecraft:mossy_stone_brick_stairs":64,"minecraft:stone_brick_slab":1,"minecraft:red_wool":1,"minecraft:mossy_stone_brick_slab":1,"minecraft:leather_helmet":1,"minecraft:mossy_cobblestone":1,"minecraft:dried_kelp_block":1,"minecraft:lever":71,"minecraft:chainmail_leggings":1,"minecraft:painting":2,"minecraft:bone_meal":65,"minecraft:mossy_cobblestone_stairs":64,"minecraft:black_wool":1},"minecraft:custom":{"minecraft:mob_kills":1,"minecraft:interact_with_anvil":2,"minecraft:interact_with_crafting_table":14,"minecraft:open_barrel":1,"minecraft:fill_cauldron":1,"minecraft:leave_game":17,"minecraft:time_since_death":58559,"minecraft:climb_one_cm":4375,"minecraft:sprint_one_cm":470647,"minecraft:walk_one_cm":894720,"minecraft:drop":81,"minecraft:deaths":132,"minecraft:sneak_time":19426,"minecraft:walk_under_water_one_cm":3608,"minecraft:jump":2127,"minecraft:interact_with_brewingstand":5,"minecraft:walk_on_water_one_cm":2144,"minecraft:play_one_minute":612622,"minecraft:interact_with_loom":1,"minecraft:time_since_rest":58583,"minecraft:damage_taken":2329,"minecraft:trigger_trapped_chest":2,"minecraft:damage_dealt":1914,"minecraft:swim_one_cm":577,"minecraft:fly_one_cm":2872926,"minecraft:player_kills":1,"minecraft:open_chest":41,"minecraft:crouch_one_cm":33364,"minecraft:fall_one_cm":25852},"minecraft:used":{"minecraft:oak_fence":7,"minecraft:iron_bars":1,"minecraft:orange_concrete":2,"minecraft:flint_and_steel":4,"minecraft:armor_stand":2,"minecraft:spruce_slab":6,"minecraft:redstone":72,"minecraft:oak_sign":12,"minecraft:diamond_hoe":1,"minecraft:white_concrete_powder":7,"minecraft:chest":1,"minecraft:stone":59,"minecraft:quartz_stairs":17,"minecraft:bell":5,"minecraft:player_head":19,"minecraft:mossy_stone_brick_slab":345,"minecraft:anvil":3,"minecraft:white_carpet":92,"minecraft:cobblestone_wall":18,"minecraft:cod_bucket":9,"minecraft:salmon_bucket":2,"minecraft:jungle_trapdoor":13,"minecraft:oak_fence_gate":2,"minecraft:milk_bucket":1,"minecraft:mossy_cobblestone_stairs":183,"minecraft:dark_oak_planks":12,"minecraft:stone_brick_slab":229,"minecraft:honey_block":5,"minecraft:sea_lantern":16,"minecraft:villager_spawn_egg":1,"minecraft:black_stained_glass_pane":3,"minecraft:quartz_slab":24,"minecraft:red_wool":1,"minecraft:lantern":27,"minecraft:iron_block":34,"minecraft:grass_block":4,"minecraft:quartz_block":510,"minecraft:mossy_cobblestone_slab":201,"minecraft:gray_concrete_powder":3,"minecraft:hopper_minecart":10,"minecraft:stone_brick_stairs":89,"minecraft:stone_bricks":183,"minecraft:item_frame":24,"minecraft:repeater":16,"minecraft:birch_trapdoor":4,"minecraft:purple_concrete":4,"minecraft:bow":42,"minecraft:redstone_lamp":25,"minecraft:snow":94,"minecraft:black_stained_glass":12,"minecraft:written_book":2,"minecraft:iron_trapdoor":8,"minecraft:stone_pressure_plate":7,"minecraft:mossy_stone_brick_wall":5,"minecraft:enchanted_golden_apple":1,"minecraft:water_bucket":5,"minecraft:mossy_stone_bricks":138,"minecraft:end_rod":6,"minecraft:cobblestone_stairs":156,"minecraft:mossy_stone_brick_stairs":125,"minecraft:redstone_block":70,"minecraft:cauldron":1,"minecraft:cobblestone_slab":189,"minecraft:white_wool":13,"minecraft:dark_oak_trapdoor":16,"minecraft:mossy_cobblestone":66,"minecraft:rail":9,"minecraft:vine":213,"minecraft:tnt":1,"minecraft:crafting_table":2,"minecraft:loom":1,"minecraft:light_blue_wool":14,"minecraft:stone_brick_wall":4,"minecraft:painting":11,"minecraft:redstone_torch":87,"minecraft:black_terracotta":22,"minecraft:piston":38,"minecraft:dark_prismarine":14,"minecraft:lever":9,"minecraft:black_wool":85,"minecraft:black_concrete":1408,"minecraft:command_block":11,"minecraft:light_gray_concrete":171,"minecraft:string":229,"minecraft:barrier":19,"minecraft:stone_button":5,"minecraft:map":2,"minecraft:spruce_trapdoor":1,"minecraft:iron_door":7,"minecraft:diamond_sword":72,"minecraft:cobblestone":117,"minecraft:potion":1,"minecraft:pufferfish_bucket":1,"minecraft:dark_oak_fence":6,"minecraft:repeating_command_block":3,"minecraft:bucket":1,"minecraft:white_stained_glass":16,"minecraft:mossy_cobblestone_wall":18,"minecraft:glass_pane":18,"minecraft:tropical_fish_bucket":3,"minecraft:white_concrete":103,"minecraft:gray_wool":57,"minecraft:splash_potion":22,"minecraft:cobweb":319},"minecraft:crafted":{"minecraft:leather_leggings":3,"minecraft:leather_boots":1,"minecraft:filled_map":1,"minecraft:leather_helmet":1,"minecraft:leather_chestplate":2},"minecraft:killed":{"minecraft:iron_golem":1}},"DataVersion":2230}