{"stats":{"minecraft:crafted":{"minecraft:shield":2},"minecraft:picked_up":{"minecraft:iron_door":1,"minecraft:turtle_helmet":3,"minecraft:lead":1,"minecraft:diamond_sword":2,"minecraft:shield":1,"minecraft:dirt":122,"minecraft:string":2,"minecraft:armor_stand":1,"minecraft:granite_wall":1,"minecraft:diamond_leggings":1,"minecraft:redstone_torch":1,"minecraft:diamond_helmet":1,"minecraft:oak_planks":1,"minecraft:tipped_arrow":1,"minecraft:diamond_chestplate":1,"minecraft:tropical_fish":1,"minecraft:diamond_boots":1,"minecraft:cod":1},"minecraft:killed_by":{"minecraft:player":15},"minecraft:used":{"minecraft:oak_fence":88,"minecraft:peony":4,"minecraft:wheat_seeds":14,"minecraft:oak_trapdoor":55,"minecraft:jack_o_lantern":18,"minecraft:dark_oak_stairs":114,"minecraft:water_bucket":85,"minecraft:mossy_stone_bricks":109,"minecraft:rose_bush":1,"minecraft:diorite":9,"minecraft:jungle_leaves":124,"minecraft:end_rod":29,"minecraft:stone_sword":5,"minecraft:cobblestone_stairs":6,"minecraft:lead":45,"minecraft:birch_leaves":17,"minecraft:stripped_birch_log":120,"minecraft:armor_stand":10,"minecraft:polished_andesite":1,"minecraft:spruce_slab":308,"minecraft:redstone":28,"minecraft:oak_planks":768,"minecraft:jungle_fence":39,"minecraft:diamond_hoe":19,"minecraft:ender_pearl":79,"minecraft:spruce_planks":134,"minecraft:chest":8,"minecraft:mossy_stone_brick_stairs":110,"minecraft:iron_sword":5,"minecraft:redstone_block":5,"minecraft:cobblestone_slab":324,"minecraft:stonecutter":5,"minecraft:bell":1,"minecraft:spruce_leaves":14,"minecraft:dark_oak_trapdoor":63,"minecraft:mossy_cobblestone":32,"minecraft:brewing_stand":3,"minecraft:anvil":3,"minecraft:terracotta":55,"minecraft:tnt":1,"minecraft:vine":225,"minecraft:crafting_table":2,"minecraft:light_blue_concrete":3,"minecraft:oak_slab":247,"minecraft:hopper":2,"minecraft:loom":1,"minecraft:spruce_stairs":124,"minecraft:cobblestone_wall":177,"minecraft:acacia_leaves":23,"minecraft:crossbow":8,"minecraft:campfire":24,"minecraft:stone_brick_wall":2,"minecraft:spruce_fence":46,"minecraft:spruce_log":220,"minecraft:oak_fence_gate":20,"minecraft:milk_bucket":3,"minecraft:polished_diorite":1,"minecraft:black_terracotta":99,"minecraft:redstone_torch":34,"minecraft:iron_hoe":2,"minecraft:sticky_piston":2,"minecraft:glass":12,"minecraft:piston":13,"minecraft:stone_brick_slab":231,"minecraft:dark_oak_planks":390,"minecraft:ender_eye":1,"minecraft:firework_rocket":143,"minecraft:acacia_sign":2,"minecraft:dark_oak_log":156,"minecraft:iron_axe":2,"minecraft:grass_block":38,"minecraft:oak_stairs":13,"minecraft:stone_button":2,"minecraft:jungle_stairs":14,"minecraft:stone_slab":4,"minecraft:dark_oak_leaves":22,"minecraft:dark_oak_slab":171,"minecraft:mossy_cobblestone_slab":206,"minecraft:iron_door":11,"minecraft:spruce_sapling":20,"minecraft:cat_spawn_egg":8,"minecraft:lilac":6,"minecraft:stone_brick_stairs":44,"minecraft:stone_bricks":284,"minecraft:green_carpet":35,"minecraft:wooden_sword":3,"minecraft:diamond_sword":112,"minecraft:green_shulker_box":2,"minecraft:glowstone":3,"minecraft:cobblestone":443,"minecraft:bow":95,"minecraft:potion":7,"minecraft:dark_oak_fence":116,"minecraft:end_portal_frame":2,"minecraft:bucket":23,"minecraft:polished_diorite_stairs":7,"minecraft:trapped_chest":4,"minecraft:mossy_cobblestone_wall":31,"minecraft:skeleton_skull":1,"minecraft:granite_wall":8,"minecraft:stripped_oak_log":24,"minecraft:splash_potion":8,"minecraft:brown_mushroom_block":2,"minecraft:mossy_stone_brick_wall":17,"minecraft:smooth_stone":4,"minecraft:bone_meal":127,"minecraft:cobweb":30,"minecraft:birch_stairs":6,"minecraft:lime_glazed_terracotta":4},"minecraft:dropped":{"minecraft:oak_planks":1,"minecraft:spectral_arrow":2,"minecraft:string":1,"minecraft:granite_wall":1},"minecraft:custom":{"minecraft:mob_kills":4,"minecraft:interact_with_anvil":2,"minecraft:interact_with_crafting_table":4,"minecraft:play_one_minute":460993,"minecraft:interact_with_loom":9,"minecraft:interact_with_stonecutter":1,"minecraft:leave_game":13,"minecraft:time_since_death":52081,"minecraft:climb_one_cm":2137,"minecraft:time_since_rest":52105,"minecraft:sprint_one_cm":149026,"minecraft:walk_one_cm":584398,"minecraft:damage_taken":9917,"minecraft:damage_blocked_by_shield":3082,"minecraft:trigger_trapped_chest":3,"minecraft:drop":5,"minecraft:damage_dealt":2173,"minecraft:damage_dealt_absorbed":206,"minecraft:swim_one_cm":49,"minecraft:fly_one_cm":1681304,"minecraft:player_kills":4,"minecraft:open_chest":17,"minecraft:crouch_one_cm":4709,"minecraft:deaths":45,"minecraft:sneak_time":8606,"minecraft:walk_under_water_one_cm":1953,"minecraft:interact_with_brewingstand":4,"minecraft:jump":1542,"minecraft:walk_on_water_one_cm":1387,"minecraft:fall_one_cm":6965},"minecraft:killed":{"minecraft:cat":4}},"DataVersion":2230}