{"stats":{"minecraft:dropped":{"minecraft:player_head":1},"minecraft:picked_up":{"minecraft:barrier":1,"minecraft:lantern":1,"minecraft:armor_stand":16,"minecraft:pufferfish":14,"minecraft:cactus":1,"minecraft:oak_sign":1,"minecraft:lever":8,"minecraft:bone_meal":1,"minecraft:player_head":41},"minecraft:killed_by":{"minecraft:zombie_villager":1},"minecraft:custom":{"minecraft:time_since_rest":13804,"minecraft:sprint_one_cm":131642,"minecraft:damage_taken":4625,"minecraft:walk_one_cm":181823,"minecraft:interact_with_anvil":5,"minecraft:mob_kills":1,"minecraft:drop":1,"minecraft:damage_dealt":56,"minecraft:swim_one_cm":1926,"minecraft:interact_with_crafting_table":2,"minecraft:fly_one_cm":659641,"minecraft:player_kills":6,"minecraft:open_chest":19,"minecraft:crouch_one_cm":5492,"minecraft:play_one_minute":146566,"minecraft:deaths":130,"minecraft:sneak_time":4599,"minecraft:walk_under_water_one_cm":523,"minecraft:jump":1046,"minecraft:leave_game":5,"minecraft:walk_on_water_one_cm":931,"minecraft:time_since_death":13351,"minecraft:climb_one_cm":2630,"minecraft:fall_one_cm":36244},"minecraft:killed":{"minecraft:horse":1},"minecraft:crafted":{"minecraft:leather_leggings":1,"minecraft:leather_boots":1,"minecraft:leather_chestplate":1},"minecraft:used":{"minecraft:redstone_torch":1,"minecraft:mossy_cobblestone_stairs":17,"minecraft:piston":1,"minecraft:trident":14,"minecraft:mossy_stone_bricks":12,"minecraft:lever":15,"minecraft:lava_bucket":4,"minecraft:lantern":1,"minecraft:wither_skeleton_skull":2,"minecraft:snow_block":86,"minecraft:armor_stand":16,"minecraft:iron_block":31,"minecraft:grass_block":1,"minecraft:zombie_villager_spawn_egg":21,"minecraft:pufferfish_spawn_egg":274,"minecraft:barrier":7,"minecraft:red_nether_bricks":4,"minecraft:tnt_minecart":7,"minecraft:quartz_block":22,"minecraft:cactus":24,"minecraft:white_concrete_powder":2,"minecraft:stone":390,"minecraft:red_nether_brick_stairs":9,"minecraft:player_head":57,"minecraft:dried_kelp_block":9,"minecraft:rail":3,"minecraft:coal_block":79,"minecraft:mossy_cobblestone":1,"minecraft:sand":13,"minecraft:anvil":5,"minecraft:bow":39,"minecraft:vine":16,"minecraft:crafting_table":1,"minecraft:dark_oak_fence":3,"minecraft:chest_minecart":1,"minecraft:black_concrete_powder":91,"minecraft:milk_bucket":1}},"DataVersion":2230}