{"stats":{"minecraft:dropped":{"minecraft:iron_sword":1,"minecraft:mossy_cobblestone":1,"minecraft:barrier":2,"minecraft:tropical_fish":1,"minecraft:cod":3,"minecraft:torch":2,"minecraft:writable_book":1,"minecraft:bone_meal":1,"minecraft:iron_axe":1,"minecraft:iron_pickaxe":1,"minecraft:black_concrete":1,"minecraft:iron_shovel":1,"minecraft:chainmail_leggings":5,"minecraft:music_disc_stal":2,"minecraft:armor_stand":122,"minecraft:music_disc_blocks":1,"minecraft:player_head":64,"minecraft:ender_eye":1,"minecraft:oak_sign":1,"minecraft:shears":1,"minecraft:diamond_sword":2,"minecraft:turtle_helmet":10,"minecraft:shield":1,"minecraft:mossy_stone_bricks":1},"minecraft:broken":{"minecraft:diamond_boots":1},"minecraft:picked_up":{"minecraft:iron_chestplate":1,"minecraft:music_disc_strad":5,"minecraft:splash_potion":1,"minecraft:chicken":3,"minecraft:turtle_helmet":1,"minecraft:lead":2,"minecraft:potion":2,"minecraft:iron_leggings":1,"minecraft:armor_stand":91,"minecraft:oak_sign":3,"minecraft:redstone_torch":1,"minecraft:ender_eye":1,"minecraft:player_head":2,"minecraft:poppy":7,"minecraft:iron_boots":1,"minecraft:egg":3,"minecraft:music_disc_blocks":2,"minecraft:torch":2,"minecraft:music_disc_11":1,"minecraft:arrow":974,"minecraft:tropical_fish":1,"minecraft:music_disc_ward":3,"minecraft:carved_pumpkin":1,"minecraft:cod":1,"minecraft:barrier":1,"minecraft:feather":5,"minecraft:repeater":11,"minecraft:music_disc_stal":3,"minecraft:wheat_seeds":1,"minecraft:music_disc_far":1,"minecraft:iron_ingot":16,"minecraft:mossy_stone_bricks":1,"minecraft:spectral_arrow":1,"minecraft:mossy_cobblestone":1,"minecraft:music_disc_mall":1,"minecraft:black_concrete":1,"minecraft:chainmail_leggings":3,"minecraft:bone_meal":1},"minecraft:custom":{"minecraft:interact_with_anvil":49,"minecraft:mob_kills":14,"minecraft:interact_with_crafting_table":1,"minecraft:open_barrel":4,"minecraft:leave_game":55,"minecraft:time_since_death":4795,"minecraft:climb_one_cm":13524,"minecraft:damage_resisted":949,"minecraft:sprint_one_cm":755780,"minecraft:walk_one_cm":1899395,"minecraft:damage_blocked_by_shield":212,"minecraft:drop":59,"minecraft:damage_dealt_absorbed":240,"minecraft:deaths":112,"minecraft:sneak_time":69104,"minecraft:walk_under_water_one_cm":7808,"minecraft:jump":5606,"minecraft:walk_on_water_one_cm":11652,"minecraft:play_record":16,"minecraft:tune_noteblock":5,"minecraft:play_one_minute":1718608,"minecraft:time_since_rest":4828,"minecraft:damage_taken":8790,"minecraft:damage_absorbed":401,"minecraft:trigger_trapped_chest":28,"minecraft:damage_dealt":10294,"minecraft:swim_one_cm":1154,"minecraft:player_kills":1,"minecraft:fly_one_cm":7377320,"minecraft:open_chest":128,"minecraft:crouch_one_cm":97301,"minecraft:fall_one_cm":17164,"minecraft:inspect_dispenser":1},"minecraft:used":{"minecraft:oak_fence":18,"minecraft:oak_trapdoor":1,"minecraft:music_disc_far":1,"minecraft:light_blue_stained_glass_pane":10,"minecraft:writable_book":4,"minecraft:iron_bars":172,"minecraft:carved_pumpkin":9,"minecraft:armor_stand":168,"minecraft:dispenser":1,"minecraft:redstone":52,"minecraft:silverfish_spawn_egg":3,"minecraft:ladder":6,"minecraft:oak_sign":70,"minecraft:white_concrete_powder":8,"minecraft:chest":12,"minecraft:donkey_spawn_egg":1,"minecraft:ender_chest":1,"minecraft:stone":2106,"minecraft:iron_sword":1,"minecraft:quartz_stairs":14,"minecraft:player_head":9,"minecraft:mossy_stone_brick_slab":21,"minecraft:netherrack":13,"minecraft:torch":5,"minecraft:dirt":144,"minecraft:soul_sand":6,"minecraft:anvil":14,"minecraft:stray_spawn_egg":1,"minecraft:skeleton_spawn_egg":3,"minecraft:white_carpet":1,"minecraft:orange_wool":11,"minecraft:stone_stairs":11,"minecraft:music_disc_11":1,"minecraft:granite":1,"minecraft:milk_bucket":1,"minecraft:obsidian":4,"minecraft:wandering_trader_spawn_egg":1,"minecraft:mossy_cobblestone_stairs":13,"minecraft:glass":62,"minecraft:stone_brick_slab":4,"minecraft:honey_block":46,"minecraft:sea_lantern":13,"minecraft:cyan_terracotta":7,"minecraft:lava_bucket":4,"minecraft:coal_ore":2,"minecraft:bookshelf":4,"minecraft:villager_spawn_egg":2,"minecraft:quartz_slab":4,"minecraft:iron_block":39,"minecraft:grass_block":467,"minecraft:oak_stairs":3,"minecraft:music_disc_ward":3,"minecraft:green_wool":1,"minecraft:quartz_block":239,"minecraft:mossy_cobblestone_slab":34,"minecraft:tropical_fish_spawn_egg":1,"minecraft:smooth_quartz":48,"minecraft:totem_of_undying":3,"minecraft:pink_wool":25,"minecraft:stone_bricks":16,"minecraft:music_disc_stal":2,"minecraft:item_frame":14,"minecraft:bedrock":2,"minecraft:light_gray_wool":96,"minecraft:gray_glazed_terracotta":3,"minecraft:repeater":47,"minecraft:magma_block":16,"minecraft:redstone_lamp":7,"minecraft:bow":216,"minecraft:tall_grass":176,"minecraft:hay_block":2,"minecraft:written_book":1,"minecraft:oak_sapling":14,"minecraft:trapped_chest":1,"minecraft:egg":9,"minecraft:stone_pressure_plate":3,"minecraft:pumpkin":3,"minecraft:enchanted_golden_apple":1,"minecraft:lime_glazed_terracotta":2,"minecraft:water_bucket":14,"minecraft:mossy_stone_bricks":60,"minecraft:end_rod":9,"minecraft:tube_coral_block":1,"minecraft:cobblestone_stairs":1,"minecraft:wither_skeleton_skull":2,"minecraft:snow_block":16,"minecraft:witch_spawn_egg":1,"minecraft:lead":1,"minecraft:powered_rail":22,"minecraft:oak_planks":2,"minecraft:ender_pearl":16,"minecraft:mossy_stone_brick_stairs":17,"minecraft:black_glazed_terracotta":1,"minecraft:redstone_block":43,"minecraft:diamond_axe":30,"minecraft:cobblestone_slab":24,"minecraft:cracked_stone_bricks":11,"minecraft:oak_leaves":13,"minecraft:white_wool":257,"minecraft:mossy_cobblestone":133,"minecraft:infested_chiseled_stone_bricks":1,"minecraft:rabbit_spawn_egg":1,"minecraft:sand":20,"minecraft:rail":1,"minecraft:comparator":1,"minecraft:vine":71,"minecraft:light_blue_concrete":16,"minecraft:crafting_table":1,"minecraft:loom":1,"minecraft:light_blue_wool":72,"minecraft:birch_sign":1,"minecraft:yellow_concrete":1,"minecraft:chiseled_quartz_block":4,"minecraft:note_block":12,"minecraft:painting":60,"minecraft:music_disc_strad":5,"minecraft:bat_spawn_egg":1,"minecraft:redstone_torch":4,"minecraft:oak_log":10,"minecraft:sticky_piston":4,"minecraft:piston":10,"minecraft:dark_prismarine":20,"minecraft:lever":4,"minecraft:black_concrete":175,"minecraft:black_wool":691,"minecraft:command_block":41,"minecraft:heavy_weighted_pressure_plate":4,"minecraft:music_disc_mall":2,"minecraft:string":17,"minecraft:barrier":748,"minecraft:spruce_trapdoor":1,"minecraft:oak_pressure_plate":3,"minecraft:iron_door":16,"minecraft:music_disc_blocks":2,"minecraft:evoker_spawn_egg":2,"minecraft:green_carpet":15,"minecraft:diamond_sword":98,"minecraft:cobblestone":1,"minecraft:potion":5,"minecraft:end_crystal":12,"minecraft:white_banner":2,"minecraft:dark_oak_fence":1,"minecraft:white_stained_glass":4,"minecraft:bucket":1,"minecraft:glass_pane":4,"minecraft:magenta_glazed_terracotta":5,"minecraft:repeating_command_block":1,"minecraft:end_portal_frame":3,"minecraft:white_concrete":1,"minecraft:gray_wool":23,"minecraft:bone_meal":41,"minecraft:jukebox":9,"minecraft:cobweb":3},"minecraft:crafted":{"minecraft:leather_leggings":2,"minecraft:leather_boots":2,"minecraft:leather_chestplate":2},"minecraft:killed":{"minecraft:chicken":4,"minecraft:iron_golem":4,"minecraft:wandering_trader":1,"minecraft:villager":2},"minecraft:killed_by":{"minecraft:player":4}},"DataVersion":2230}