{"stats":{"minecraft:used":{"minecraft:mossy_cobblestone_stairs":43,"minecraft:piston":9,"minecraft:stone_brick_slab":3,"minecraft:mossy_stone_bricks":13,"minecraft:lever":7,"minecraft:black_concrete":47,"minecraft:bookshelf":50,"minecraft:command_block":1,"minecraft:quartz_slab":1,"minecraft:light_gray_concrete":67,"minecraft:red_concrete":97,"minecraft:armor_stand":106,"minecraft:string":5,"minecraft:redstone":44,"minecraft:barrier":58,"minecraft:oak_sign":1,"minecraft:quartz_block":13,"minecraft:ender_chest":1,"minecraft:iron_door":1,"minecraft:spruce_trapdoor":13,"minecraft:cauldron":1,"minecraft:diorite_wall":3,"minecraft:quartz_stairs":10,"minecraft:barrel":5,"minecraft:stone_bricks":5,"minecraft:cracked_stone_bricks":15,"minecraft:cobblestone":96,"minecraft:mossy_cobblestone":39,"minecraft:repeater":4,"minecraft:brown_carpet":2,"minecraft:anvil":2,"minecraft:potion":2,"minecraft:vine":122,"minecraft:light_blue_concrete":1,"minecraft:crafting_table":2,"minecraft:loom":45,"minecraft:white_banner":5,"minecraft:cobblestone_wall":7,"minecraft:white_stained_glass":10,"minecraft:mossy_cobblestone_wall":2,"minecraft:note_block":22,"minecraft:white_concrete":37,"minecraft:stone_brick_wall":9,"minecraft:mossy_stone_brick_wall":12,"minecraft:splash_potion":12,"minecraft:cobweb":14},"minecraft:dropped":{"minecraft:red_banner":1,"minecraft:armor_stand":66},"minecraft:crafted":{"minecraft:leather_leggings":2,"minecraft:leather_boots":2,"minecraft:leather_chestplate":1},"minecraft:custom":{"minecraft:time_since_rest":89091,"minecraft:open_enderchest":2,"minecraft:sprint_one_cm":39691,"minecraft:damage_taken":8,"minecraft:walk_one_cm":184652,"minecraft:trigger_trapped_chest":1,"minecraft:interact_with_anvil":2,"minecraft:drop":7,"minecraft:damage_dealt":10,"minecraft:talked_to_villager":2,"minecraft:swim_one_cm":4065,"minecraft:interact_with_crafting_table":8,"minecraft:tune_noteblock":215,"minecraft:fly_one_cm":471116,"minecraft:open_barrel":2,"minecraft:open_chest":7,"minecraft:fill_cauldron":1,"minecraft:play_one_minute":199638,"minecraft:crouch_one_cm":5445,"minecraft:interact_with_loom":20,"minecraft:deaths":3,"minecraft:sneak_time":5998,"minecraft:walk_under_water_one_cm":149,"minecraft:jump":357,"minecraft:leave_game":4,"minecraft:walk_on_water_one_cm":628,"minecraft:time_since_death":85812,"minecraft:climb_one_cm":1351,"minecraft:fall_one_cm":211},"minecraft:picked_up":{"minecraft:stone_button":1,"minecraft:red_banner":1,"minecraft:cobblestone_wall":1,"minecraft:armor_stand":110,"minecraft:iron_boots":1}},"DataVersion":2230}